{"cameraMode":{"drawMode":0,"name":"Shaded","section":"Shading Mode"},"sceneLighting":false,"audioPlay":false,"sceneViewState":{"m_AlwaysRefresh":false,"showFog":true,"showSkybox":false,"showFlares":true,"showImageEffects":true,"showParticleSystems":true,"showVisualEffectGraphs":true,"m_FxEnabled":true},"in2DMode":false,"pivot":{"x":649.066650390625,"y":286.25408935546877,"z":-1.4473114013671876},"rotation":{"x":-0.04767126590013504,"y":0.03386375680565834,"z":-0.0015988880768418313,"w":-0.9983150362968445},"size":167.13807678222657,"orthographic":false}