{"cameraMode":{"drawMode":0,"name":"Shaded","section":"Shading Mode"},"sceneLighting":false,"audioPlay":false,"sceneViewState":{"m_AlwaysRefresh":false,"showFog":true,"showSkybox":false,"showFlares":true,"showImageEffects":true,"showParticleSystems":true,"showVisualEffectGraphs":true,"m_FxEnabled":true},"in2DMode":false,"pivot":{"x":676.4818725585938,"y":258.62518310546877,"z":61.3516845703125},"rotation":{"x":0.0032845246605575086,"y":0.015906810760498048,"z":0.00007071068830555305,"w":-0.9998955130577087},"size":455.97955322265627,"orthographic":false}