{"cameraMode":{"drawMode":0,"name":"Shaded","section":"Shading Mode"},"sceneLighting":false,"audioPlay":false,"sceneViewState":{"m_AlwaysRefresh":false,"showFog":true,"showSkybox":false,"showFlares":true,"showImageEffects":true,"showParticleSystems":true,"showVisualEffectGraphs":true,"m_FxEnabled":true},"in2DMode":false,"pivot":{"x":646.6588745117188,"y":354.8336486816406,"z":83.09515380859375},"rotation":{"x":0.01228040549904108,"y":0.02940562181174755,"z":0.00035540753742679954,"w":-0.9995211362838745},"size":263.834716796875,"orthographic":false}