{"cameraMode":{"drawMode":0,"name":"Shaded","section":"Shading Mode"},"sceneLighting":false,"audioPlay":false,"sceneViewState":{"m_AlwaysRefresh":false,"showFog":true,"showSkybox":false,"showFlares":true,"showImageEffects":true,"showParticleSystems":true,"showVisualEffectGraphs":true,"m_FxEnabled":true},"in2DMode":false,"pivot":{"x":306.60638427734377,"y":135.9362335205078,"z":68.4589614868164},"rotation":{"x":0.01228040549904108,"y":0.02940562181174755,"z":0.00035540753742679954,"w":-0.9995211362838745},"size":191.14173889160157,"orthographic":false}