{"cameraMode":{"drawMode":0,"name":"Shaded","section":"Shading Mode"},"sceneLighting":true,"audioPlay":false,"sceneViewState":{"m_AlwaysRefresh":false,"showFog":true,"showSkybox":true,"showFlares":true,"showImageEffects":true,"showParticleSystems":true,"showVisualEffectGraphs":true,"m_FxEnabled":true},"in2DMode":false,"pivot":{"x":62.20819091796875,"y":-1562.33447265625,"z":-16.929180145263673},"rotation":{"x":-0.7199460864067078,"y":-0.0035263344179838897,"z":0.003674939973279834,"w":-0.6940428614616394},"size":928.1898803710938,"orthographic":false}