{"cameraMode":{"drawMode":0,"name":"Shaded","section":"Shading Mode"},"sceneLighting":true,"audioPlay":false,"sceneViewState":{"m_AlwaysRefresh":false,"showFog":true,"showSkybox":true,"showFlares":true,"showImageEffects":true,"showParticleSystems":true,"showVisualEffectGraphs":true,"m_FxEnabled":true},"in2DMode":false,"pivot":{"x":103.83919525146485,"y":18.879671096801759,"z":71.79109954833985},"rotation":{"x":-0.366016685962677,"y":-0.0019450767431408167,"z":0.0007615757640451193,"w":-0.9306378364562988},"size":12.007058143615723,"orthographic":false}