{"cameraMode":{"drawMode":0,"name":"Shaded","section":"Shading Mode"},"sceneLighting":true,"audioPlay":false,"sceneViewState":{"m_AlwaysRefresh":false,"showFog":true,"showSkybox":true,"showFlares":true,"showImageEffects":true,"showParticleSystems":true,"showVisualEffectGraphs":true,"m_FxEnabled":true},"in2DMode":false,"pivot":{"x":122.64785766601563,"y":16.436569213867189,"z":61.22346878051758},"rotation":{"x":-0.42460158467292788,"y":0.049676358699798587,"z":-0.0233413428068161,"w":-0.9037512540817261},"size":37.903324127197269,"orthographic":false}