{"cameraMode":{"drawMode":0,"name":"Shaded","section":"Shading Mode"},"sceneLighting":true,"audioPlay":false,"sceneViewState":{"m_AlwaysRefresh":false,"showFog":true,"showSkybox":true,"showFlares":true,"showImageEffects":true,"showParticleSystems":true,"showVisualEffectGraphs":true,"m_FxEnabled":true},"in2DMode":false,"pivot":{"x":562.91650390625,"y":6.999998092651367,"z":15.000000953674317},"rotation":{"x":-0.29092028737068179,"y":-0.014907985925674439,"z":0.004552467260509729,"w":-0.9566583037376404},"size":10.174877166748047,"orthographic":false}