{"cameraMode":{"drawMode":0,"name":"Shaded","section":"Shading Mode"},"sceneLighting":true,"audioPlay":false,"sceneViewState":{"m_AlwaysRefresh":false,"showFog":true,"showSkybox":true,"showFlares":true,"showImageEffects":true,"showParticleSystems":true,"showVisualEffectGraphs":true,"m_FxEnabled":true},"in2DMode":false,"pivot":{"x":257.1977844238281,"y":82.84820556640625,"z":214.01319885253907},"rotation":{"x":0.5889239311218262,"y":0.0024230238050222399,"z":-0.0017696537543088198,"w":0.8082064390182495},"size":276.4023742675781,"orthographic":false}