{"cameraMode":{"drawMode":0,"name":"Shaded","section":"Shading Mode"},"sceneLighting":true,"audioPlay":false,"sceneViewState":{"m_AlwaysRefresh":false,"showFog":true,"showSkybox":true,"showFlares":true,"showImageEffects":true,"showParticleSystems":true,"showVisualEffectGraphs":true,"m_FxEnabled":true},"in2DMode":false,"pivot":{"x":105.1386489868164,"y":-102.1954116821289,"z":77.66988372802735},"rotation":{"x":0.7102724313735962,"y":-0.004221254959702492,"z":0.004263421054929495,"w":0.7039087414741516},"size":136.53736877441407,"orthographic":false}