{"cameraMode":{"drawMode":0,"name":"Shaded","section":"Shading Mode"},"sceneLighting":true,"audioPlay":false,"sceneViewState":{"m_AlwaysRefresh":false,"showFog":true,"showSkybox":true,"showFlares":true,"showImageEffects":true,"showParticleSystems":true,"showVisualEffectGraphs":true,"m_FxEnabled":true},"in2DMode":false,"pivot":{"x":112.84321594238281,"y":18.165111541748048,"z":62.23898696899414},"rotation":{"x":-0.42460158467292788,"y":0.049676358699798587,"z":-0.0233413428068161,"w":-0.9037512540817261},"size":30.88325309753418,"orthographic":false}