{"cameraMode":{"drawMode":0,"name":"Shaded","section":"Shading Mode"},"sceneLighting":true,"audioPlay":false,"sceneViewState":{"m_AlwaysRefresh":false,"showFog":true,"showSkybox":true,"showFlares":true,"showImageEffects":true,"showParticleSystems":true,"showVisualEffectGraphs":true,"m_FxEnabled":true},"in2DMode":false,"pivot":{"x":92.4073486328125,"y":81.04352569580078,"z":28.790346145629884},"rotation":{"x":-0.7084082365036011,"y":-0.00040464202174916863,"z":0.0004341715248301625,"w":-0.7058391571044922},"size":12.2125883102417,"orthographic":false}