{"cameraMode":{"drawMode":0,"name":"Shaded","section":"Shading Mode"},"sceneLighting":true,"audioPlay":false,"sceneViewState":{"m_AlwaysRefresh":false,"showFog":true,"showSkybox":true,"showFlares":true,"showImageEffects":true,"showParticleSystems":true,"showVisualEffectGraphs":true,"m_FxEnabled":true},"in2DMode":false,"pivot":{"x":137.54165649414063,"y":241.63558959960938,"z":-81.34663391113281},"rotation":{"x":-0.33237722516059878,"y":-0.08387328684329987,"z":0.029688231647014619,"w":-0.93897545337677},"size":11.126721382141114,"orthographic":false}