{"cameraMode":{"drawMode":0,"name":"Shaded","section":"Shading Mode"},"sceneLighting":true,"audioPlay":false,"sceneViewState":{"m_AlwaysRefresh":false,"showFog":true,"showSkybox":true,"showFlares":true,"showImageEffects":true,"showParticleSystems":true,"showVisualEffectGraphs":true,"m_FxEnabled":true},"in2DMode":false,"pivot":{"x":67.17840576171875,"y":10.363109588623047,"z":-41.04783630371094},"rotation":{"x":-0.0042140125297009949,"y":0.018911870196461679,"z":-0.0000799138069851324,"w":-0.9998447895050049},"size":2.268649101257324,"orthographic":false}