{"cameraMode":{"drawMode":0,"name":"Shaded","section":"Shading Mode"},"sceneLighting":true,"audioPlay":false,"sceneViewState":{"m_AlwaysRefresh":false,"showFog":true,"showSkybox":true,"showFlares":true,"showImageEffects":true,"showParticleSystems":true,"showVisualEffectGraphs":true,"m_FxEnabled":true},"in2DMode":false,"pivot":{"x":48.249019622802737,"y":-28.34908676147461,"z":88.18458557128906},"rotation":{"x":0.22527283430099488,"y":-0.03798574209213257,"z":0.008792116306722165,"w":0.9735203981399536},"size":98.3750991821289,"orthographic":false}