{"cameraMode":{"drawMode":0,"name":"Shaded","section":"Shading Mode"},"sceneLighting":true,"audioPlay":false,"sceneViewState":{"m_AlwaysRefresh":false,"showFog":true,"showSkybox":true,"showFlares":true,"showImageEffects":true,"showParticleSystems":true,"showVisualEffectGraphs":true,"m_FxEnabled":true},"in2DMode":false,"pivot":{"x":100.40374755859375,"y":42.48984146118164,"z":34.19582748413086},"rotation":{"x":-0.29372090101242068,"y":0.02524477429687977,"z":-0.00775925163179636,"w":-0.9555594325065613},"size":23.913042068481447,"orthographic":false}