{"cameraMode":{"drawMode":0,"name":"Shaded","section":"Shading Mode"},"sceneLighting":true,"audioPlay":false,"sceneViewState":{"m_AlwaysRefresh":false,"showFog":true,"showSkybox":true,"showFlares":true,"showImageEffects":true,"showParticleSystems":true,"showVisualEffectGraphs":true,"m_FxEnabled":true},"in2DMode":false,"pivot":{"x":787.7688598632813,"y":-294.5607604980469,"z":286.8648376464844},"rotation":{"x":0.6964252591133118,"y":0.000002442283403070178,"z":0.0000020872785171377474,"w":0.7176365852355957},"size":793.1113891601563,"orthographic":false}