{"cameraMode":{"drawMode":0,"name":"Shaded","section":"Shading Mode"},"sceneLighting":false,"audioPlay":false,"sceneViewState":{"m_AlwaysRefresh":false,"showFog":true,"showSkybox":false,"showFlares":true,"showImageEffects":true,"showParticleSystems":true,"showVisualEffectGraphs":true,"m_FxEnabled":true},"in2DMode":false,"pivot":{"x":52.27745819091797,"y":6.184502601623535,"z":30.34897232055664},"rotation":{"x":0.030276961624622346,"y":0.01590447686612606,"z":0.0004972333554178476,"w":-0.999449610710144},"size":5.940949440002441,"orthographic":false}