{"cameraMode":{"drawMode":0,"name":"Shaded","section":"Shading Mode"},"sceneLighting":false,"audioPlay":false,"sceneViewState":{"m_AlwaysRefresh":false,"showFog":true,"showSkybox":false,"showFlares":true,"showImageEffects":true,"showParticleSystems":true,"showVisualEffectGraphs":true,"m_FxEnabled":true},"in2DMode":false,"pivot":{"x":249.26760864257813,"y":153.49769592285157,"z":-17.54657745361328},"rotation":{"x":-0.05354796722531319,"y":0.0727454349398613,"z":-0.003910592757165432,"w":-0.9959370493888855},"size":229.72789001464845,"orthographic":false}