{"cameraMode":{"drawMode":0,"name":"Shaded","section":"Shading Mode"},"sceneLighting":false,"audioPlay":false,"sceneViewState":{"m_AlwaysRefresh":false,"showFog":true,"showSkybox":false,"showFlares":true,"showImageEffects":true,"showParticleSystems":true,"showVisualEffectGraphs":true,"m_FxEnabled":true},"in2DMode":false,"pivot":{"x":533.6859741210938,"y":347.4800109863281,"z":10.7078857421875},"rotation":{"x":-0.052187442779541019,"y":-0.014068037271499634,"z":0.0007358299917541444,"w":-0.9985703229904175},"size":530.1798706054688,"orthographic":false}