{"cameraMode":{"drawMode":0,"name":"Shaded","section":"Shading Mode"},"sceneLighting":false,"audioPlay":false,"sceneViewState":{"m_AlwaysRefresh":false,"showFog":true,"showSkybox":false,"showFlares":true,"showImageEffects":true,"showParticleSystems":true,"showVisualEffectGraphs":true,"m_FxEnabled":true},"in2DMode":false,"pivot":{"x":689.0379638671875,"y":287.8190002441406,"z":542.7197875976563},"rotation":{"x":-0.004215087275952101,"y":0.0024071596562862398,"z":0.000006773406312277075,"w":-1.0000147819519044},"size":547.9710693359375,"orthographic":false}